[
    {
        "text": "What is the capital of France?",
        "options": ["Paris", "London", "Berlin", "Madrid"],
        "correctAnswer": "Paris",
        "type": "multiple_choice"
    },
    {
        "text": "Which planet is known as the Red Planet?",
        "options": ["Earth", "Mars", "Jupiter", "Venus"],
        "correctAnswer": "Mars",
        "type": "multiple_choice"
    },
    {
        "text": "What is 2 + 2? (Enter a number)",
        "options": ["N/A"],
        "correctAnswer": "4",
        "type": "number_input"
    },
    {
        "text": "The chemical symbol for Gold is Au.",
        "options": ["True", "False"],
        "correctAnswer": "True",
        "type": "true_false"
    },
    {
        "text": "Which of the following are programming languages? (check all that apply)",
        "options": ["Python", "HTML", "Java", "Auxarian"],
        "correctAnswer": ["Python", "HTML", "Java"],
        "type": "checkbox"
    },
    {
        "text": "What is the capital of Japan?",
        "options": ["Seoul", "Tokyo", "Bankok", "Beijing"],
        "correctAnswer": "Tokyo",
        "type": "multiple_choice"
    },
    {
        "text": "Rectangles are a type of square.",
        "options": ["True", "False"],
        "correctAnswer": "False",
        "type": "true_false"
    },
    {
        "text": "Which of the following animals can fly? (check all that apply)",
        "options": ["Penguin", "Eagle", "Bat", "Ostrich"],
        "correctAnswer": ["Eagle", "Bat"],
        "type": "checkbox"
    },
    {
        "text": "What is 10 + 90? (Enter a number)",
        "options": ["N/A"],
        "correctAnswer": "100",
        "type": "number_input"
    }
]
